review_id,review_score,review_text,HostelNumber,review_date,review_language,train_text,Sentiment
4809839,66,dryer couldn t dry cloths after 3 hours of trying location is next to nothing but the train station temp of a c but find out it s extra clean new friendly enough staff,61623.0,2012-08-04 19:51:25,English,"['dryer', 'couldn', 't', 'dry', 'cloths', 'after', '3', 'hours', 'of', 'trying', 'location', 'is', 'next', 'to', 'nothing', 'but', 'the', 'train', 'station', 'temp', 'of', 'a', 'c', 'but', 'find', 'out', 'it', 's', 'extra', 'clean', 'new', 'friendly', 'enough', 'staff']",0
4426993,69,staff are amazingly helpfully loved having the airport transfer and were always on time the doors into the rooms are mighty squeaky no mirror in the one washroom which was a pain loved the free internet was very useful in room 19 loved having the heater but didn t like the fact that there is a very bright light on it,120.0,2012-02-15 17:29:31,English,"['staff', 'are', 'amazingly', 'helpfully', 'loved', 'having', 'the', 'airport', 'transfer', 'and', 'were', 'always', 'on', 'time', 'the', 'doors', 'into', 'the', 'rooms', 'are', 'mighty', 'squeaky', 'no', 'mirror', 'in', 'the', 'one', 'washroom', 'which', 'was', 'a', 'pain', 'loved', 'the', 'free', 'internet', 'was', 'very', 'useful', 'in', 'room', '19', 'loved', 'having', 'the', 'heater', 'but', 'didn', 't', 'like', 'the', 'fact', 'that', 'there', 'is', 'a', 'very', 'bright', 'light', 'on', 'it']",0
6624764,94,the hostel is great in everything just sometimes bathrooms were a bit smelly paper or a machine to dry your hands will be nice either,36649.0,2014-09-04 18:10:36,English,"['the', 'hostel', 'is', 'great', 'in', 'everything', 'just', 'sometimes', 'bathrooms', 'were', 'a', 'bit', 'smelly', 'paper', 'or', 'a', 'machine', 'to', 'dry', 'your', 'hands', 'will', 'be', 'nice', 'either']",0
7486225,91,nice little hostel with a large common room where almost everyone seems to hang out in the evenings making it pretty easy to meet people got the best sleep i d ever had in a hostel as many of the beds mine included are cozy enclosed cubicles with a curtain and reading light that provide plenty of privacy block out light and minimize vibration e g from the person in the upper bunk only downside was that the location was a bit of a trek,43490.0,2015-08-18 11:56:28,English,"['nice', 'little', 'hostel', 'with', 'a', 'large', 'common', 'room', 'where', 'almost', 'everyone', 'seems', 'to', 'hang', 'out', 'in', 'the', 'evenings', 'making', 'it', 'pretty', 'easy', 'to', 'meet', 'people', 'got', 'the', 'best', 'sleep', 'i', 'd', 'ever', 'had', 'in', 'a', 'hostel', 'as', 'many', 'of', 'the', 'beds', 'mine', 'included', 'are', 'cozy', 'enclosed', 'cubicles', 'with', 'a', 'curtain', 'and', 'reading', 'light', 'that', 'provide', 'plenty', 'of', 'privacy', 'block', 'out', 'light', 'and', 'minimize', 'vibration', 'e', 'g', 'from', 'the', 'person', 'in', 'the', 'upper', 'bunk', 'only', 'downside', 'was', 'that', 'the', 'location', 'was', 'a', 'bit', 'of', 'a', 'trek']",0
7388562,97,the location is absolutely gorgeous and the hostel itself is wonderful i regret not having more time to stay here the area is very quiet and peaceful sitting directly in the mountains the rooms are kept pristine and the staff is incredibly kind and helpful the hotspring bath they have is lovely clean and well worth trying if you want a place to stay to go hiking travel in the area and relax in a natural and beautiful place i cannot recommend this place heavily enough,89021.0,2015-07-24 02:08:23,English,"['the', 'location', 'is', 'absolutely', 'gorgeous', 'and', 'the', 'hostel', 'itself', 'is', 'wonderful', 'i', 'regret', 'not', 'having', 'more', 'time', 'to', 'stay', 'here', 'the', 'area', 'is', 'very', 'quiet', 'and', 'peaceful', 'sitting', 'directly', 'in', 'the', 'mountains', 'the', 'rooms', 'are', 'kept', 'pristine', 'and', 'the', 'staff', 'is', 'incredibly', 'kind', 'and', 'helpful', 'the', 'hotspring', 'bath', 'they', 'have', 'is', 'lovely', 'clean', 'and', 'well', 'worth', 'trying', 'if', 'you', 'want', 'a', 'place', 'to', 'stay', 'to', 'go', 'hiking', 'travel', 'in', 'the', 'area', 'and', 'relax', 'in', 'a', 'natural', 'and', 'beautiful', 'place', 'i', 'can', 'not', 'recommend', 'this', 'place', 'heavily', 'enough']",0
5461879,83,i stayed there two night and i have to admit it is a great hostel according to what you pay the location is just brilliant in the middle of chinatown lively area and close to the main sights breakfast was ok and super friendly and helpful staff eeverything was tidy and clean one thing that i really liked is that as soon as we checked in they gave us a ticket and we could have a drink for free and the nearby reggea mansion bar which is a cool terrace disco with a nice view of the city,19534.0,2013-05-08 13:42:26,English,"['i', 'stayed', 'there', 'two', 'night', 'and', 'i', 'have', 'to', 'admit', 'it', 'is', 'a', 'great', 'hostel', 'according', 'to', 'what', 'you', 'pay', 'the', 'location', 'is', 'just', 'brilliant', 'in', 'the', 'middle', 'of', 'chinatown', 'lively', 'area', 'and', 'close', 'to', 'the', 'main', 'sights', 'breakfast', 'was', 'ok', 'and', 'super', 'friendly', 'and', 'helpful', 'staff', 'eeverything', 'was', 'tidy', 'and', 'clean', 'one', 'thing', 'that', 'i', 'really', 'liked', 'is', 'that', 'as', 'soon', 'as', 'we', 'checked', 'in', 'they', 'gave', 'us', 'a', 'ticket', 'and', 'we', 'could', 'have', 'a', 'drink', 'for', 'free', 'and', 'the', 'nearby', 'reggea', 'mansion', 'bar', 'which', 'is', 'a', 'cool', 'terrace', 'disco', 'with', 'a', 'nice', 'view', 'of', 'the', 'city']",0
7505819,34,stayed at room 2 there was mould everywhere extremely unhealthy the floor was dirty and wasn t cleaned it rained on arrivel so the footprints from our boots were quite good to see despite a sign saying rooms are cleaned daily the receptionist on arrival was playing her music loudly during check in showers were okay but the ventilator wasn t cleaned in ages during our stay staff aked us if the beds in our room not used by us were free very unprofessional worst hostel i ever stayed at,6886.0,2015-08-23 16:26:18,English,"['stayed', 'at', 'room', '2', 'there', 'was', 'mould', 'everywhere', 'extremely', 'unhealthy', 'the', 'floor', 'was', 'dirty', 'and', 'wasn', 't', 'cleaned', 'it', 'rained', 'on', 'arrivel', 'so', 'the', 'footprints', 'from', 'our', 'boots', 'were', 'quite', 'good', 'to', 'see', 'despite', 'a', 'sign', 'saying', 'rooms', 'are', 'cleaned', 'daily', 'the', 'receptionist', 'on', 'arrival', 'was', 'playing', 'her', 'music', 'loudly', 'during', 'check', 'in', 'showers', 'were', 'okay', 'but', 'the', 'ventilator', 'wasn', 't', 'cleaned', 'in', 'ages', 'during', 'our', 'stay', 'staff', 'aked', 'us', 'if', 'the', 'beds', 'in', 'our', 'room', 'not', 'used', 'by', 'us', 'were', 'free', 'very', 'unprofessional', 'worst', 'hostel', 'i', 'ever', 'stayed', 'at']",0
7252903,91,i loved this hostel very clean great location the staff were very friendly and helpful in advising how to get to the places around good size rooms and lockers for your belongings,46689.0,2015-06-11 11:26:25,English,"['i', 'loved', 'this', 'hostel', 'very', 'clean', 'great', 'location', 'the', 'staff', 'were', 'very', 'friendly', 'and', 'helpful', 'in', 'advising', 'how', 'to', 'get', 'to', 'the', 'places', 'around', 'good', 'size', 'rooms', 'and', 'lockers', 'for', 'your', 'belongings']",0
4426981,60,has the potential to be a really nice hostel in real need of a good clean and maintenance once completed this would be real good joel the owner is a really nice guy and good host if he sorts those things out will be good,58354.0,2012-02-15 17:17:31,English,"['has', 'the', 'potential', 'to', 'be', 'a', 'really', 'nice', 'hostel', 'in', 'real', 'need', 'of', 'a', 'good', 'clean', 'and', 'maintenance', 'once', 'completed', 'this', 'would', 'be', 'real', 'good', 'joel', 'the', 'owner', 'is', 'a', 'really', 'nice', 'guy', 'and', 'good', 'host', 'if', 'he', 'sorts', 'those', 'things', 'out', 'will', 'be', 'good']",0
5264303,89,very centrally located good value friendly staff,54104.0,2013-02-01 21:16:35,English,"['very', 'centrally', 'located', 'good', 'value', 'friendly', 'staff']",0
4504690,100,amazing place amazing people perfect location so central and easy to find it s a brand new hostel and it s awesome the dorm rooms are spacious with their own bathrooms and there s a lot of common space including a big kitchen and really cool and comfy tv room this is a great place if you are traveling by yourself as there are always activities planned and the staff make sure you get involved bottom line stay here,60936.0,2012-03-31 14:11:22,English,"['amazing', 'place', 'amazing', 'people', 'perfect', 'location', 'so', 'central', 'and', 'easy', 'to', 'find', 'it', 's', 'a', 'brand', 'new', 'hostel', 'and', 'it', 's', 'awesome', 'the', 'dorm', 'rooms', 'are', 'spacious', 'with', 'their', 'own', 'bathrooms', 'and', 'there', 's', 'a', 'lot', 'of', 'common', 'space', 'including', 'a', 'big', 'kitchen', 'and', 'really', 'cool', 'and', 'comfy', 'tv', 'room', 'this', 'is', 'a', 'great', 'place', 'if', 'you', 'are', 'traveling', 'by', 'yourself', 'as', 'there', 'are', 'always', 'activities', 'planned', 'and', 'the', 'staff', 'make', 'sure', 'you', 'get', 'involved', 'bottom', 'line', 'stay', 'here']",0
7438718,94,convenient central location cosy quiet atmosphere with very helpful and welcoming staff a great simple hostel with everything you could need would stay here again recommended,55547.0,2015-08-06 08:11:02,English,"['convenient', 'central', 'location', 'cosy', 'quiet', 'atmosphere', 'with', 'very', 'helpful', 'and', 'welcoming', 'staff', 'a', 'great', 'simple', 'hostel', 'with', 'everything', 'you', 'could', 'need', 'would', 'stay', 'here', 'again', 'recommended']",0
6991147,89,i had a great stay at st christopher s made all the more enjoyable by the friendly staff and great facilities would recommend a stay here to family and friends for sure,501.0,2015-02-23 15:15:24,English,"['i', 'had', 'a', 'great', 'stay', 'at', 'st', 'christopher', 's', 'made', 'all', 'the', 'more', 'enjoyable', 'by', 'the', 'friendly', 'staff', 'and', 'great', 'facilities', 'would', 'recommend', 'a', 'stay', 'here', 'to', 'family', 'and', 'friends', 'for', 'sure']",0
6122972,94,this is a great place best hostel experience i ve had in morocco the staff is genuinely friendly they treated me like a home guest and gave me a great opportunity to experience and understand the local culture it s also great to meet other travelers and share great moments with new friends if you want an authentic essouira experience not just somewhere to sleep this is the place to stay and the medina location is perfect,80846.0,2014-02-03 17:30:45,English,"['this', 'is', 'a', 'great', 'place', 'best', 'hostel', 'experience', 'i', 've', 'had', 'in', 'morocco', 'the', 'staff', 'is', 'genuinely', 'friendly', 'they', 'treated', 'me', 'like', 'a', 'home', 'guest', 'and', 'gave', 'me', 'a', 'great', 'opportunity', 'to', 'experience', 'and', 'understand', 'the', 'local', 'culture', 'it', 's', 'also', 'great', 'to', 'meet', 'other', 'travelers', 'and', 'share', 'great', 'moments', 'with', 'new', 'friends', 'if', 'you', 'want', 'an', 'authentic', 'essouira', 'experience', 'not', 'just', 'somewhere', 'to', 'sleep', 'this', 'is', 'the', 'place', 'to', 'stay', 'and', 'the', 'medina', 'location', 'is', 'perfect']",0
6890990,89,lovely family that runs this well organized great location very friendly usual free breakfast but more available for small cost very good beds quiet location near everything,83291.0,2015-01-07 15:36:50,English,"['lovely', 'family', 'that', 'runs', 'this', 'well', 'organized', 'great', 'location', 'very', 'friendly', 'usual', 'free', 'breakfast', 'but', 'more', 'available', 'for', 'small', 'cost', 'very', 'good', 'beds', 'quiet', 'location', 'near', 'everything']",0
8550975,83,location is a bit out of town 30 mins walk to main station but not really a problem dorms were basic mosquito nets on all the beds clean bathrooms and breakfast included there s not really much of a common area just the table where breakfast was served we only stayed 1 night but staff seemed friendly and held our bags for the day would stay here again,96161.0,2016-01-20 16:01:25,English,"['location', 'is', 'a', 'bit', 'out', 'of', 'town', '30', 'mins', 'walk', 'to', 'main', 'station', 'but', 'not', 'really', 'a', 'problem', 'dorms', 'were', 'basic', 'mosquito', 'nets', 'on', 'all', 'the', 'beds', 'clean', 'bathrooms', 'and', 'breakfast', 'included', 'there', 's', 'not', 'really', 'much', 'of', 'a', 'common', 'area', 'just', 'the', 'table', 'where', 'breakfast', 'was', 'served', 'we', 'only', 'stayed', '1', 'night', 'but', 'staff', 'seemed', 'friendly', 'and', 'held', 'our', 'bags', 'for', 'the', 'day', 'would', 'stay', 'here', 'again']",0
5817065,51,this is in no way a hostel it is a campsite with box huts and a massive communal shower toilet complex which is where the locals or staff hang out to pick up girls on their way out way over priced and the food is expensive don t expect to chill by the pool as music is pumping from 10am also doors on the box huts lock themselves so we were charged a 10 to get our key out of our room lucky we hired a 4x4 and got into the town which is beautiful,35310.0,2013-08-30 20:03:43,English,"['this', 'is', 'in', 'no', 'way', 'a', 'hostel', 'it', 'is', 'a', 'campsite', 'with', 'box', 'huts', 'and', 'a', 'massive', 'communal', 'shower', 'toilet', 'complex', 'which', 'is', 'where', 'the', 'locals', 'or', 'staff', 'hang', 'out', 'to', 'pick', 'up', 'girls', 'on', 'their', 'way', 'out', 'way', 'over', 'priced', 'and', 'the', 'food', 'is', 'expensive', 'don', 't', 'expect', 'to', 'chill', 'by', 'the', 'pool', 'as', 'music', 'is', 'pumping', 'from', '10am', 'also', 'doors', 'on', 'the', 'box', 'huts', 'lock', 'themselves', 'so', 'we', 'were', 'charged', 'a', '10', 'to', 'get', 'our', 'key', 'out', 'of', 'our', 'room', 'lucky', 'we', 'hired', 'a', '4x4', 'and', 'got', 'into', 'the', 'town', 'which', 'is', 'beautiful']",0
6756024,83,if i had booked this as a hotel i would have been very happy the rooms were superb and i was impressed with the reception given by the staff as well as complementary gifts on arrival it is located very close to the train station and it is easy to see the city walking from the front door despite all of the above i would not classify this accommodation as a hostel since there were no common areas no kitchen no lounge no games room or any other area one is able to socialize,17147.0,2014-10-30 07:34:25,English,"['if', 'i', 'had', 'booked', 'this', 'as', 'a', 'hotel', 'i', 'would', 'have', 'been', 'very', 'happy', 'the', 'rooms', 'were', 'superb', 'and', 'i', 'was', 'impressed', 'with', 'the', 'reception', 'given', 'by', 'the', 'staff', 'as', 'well', 'as', 'complementary', 'gifts', 'on', 'arrival', 'it', 'is', 'located', 'very', 'close', 'to', 'the', 'train', 'station', 'and', 'it', 'is', 'easy', 'to', 'see', 'the', 'city', 'walking', 'from', 'the', 'front', 'door', 'despite', 'all', 'of', 'the', 'above', 'i', 'would', 'not', 'classify', 'this', 'accommodation', 'as', 'a', 'hostel', 'since', 'there', 'were', 'no', 'common', 'areas', 'no', 'kitchen', 'no', 'lounge', 'no', 'games', 'room', 'or', 'any', 'other', 'area', 'one', 'is', 'able', 'to', 'socialize']",0
6960155,80,nice and quiet hostel the rooms where good with private bathrooms nice pool and outdoor area good value for the money,13445.0,2015-02-08 22:58:11,English,"['nice', 'and', 'quiet', 'hostel', 'the', 'rooms', 'where', 'good', 'with', 'private', 'bathrooms', 'nice', 'pool', 'and', 'outdoor', 'area', 'good', 'value', 'for', 'the', 'money']",0
5688890,83,the hostel staff were friendly and professional and the place had a nice relaxed atmosphere and very comfortable rooms a few hours after we arrived we asked them for help planning a trip around rajasthan and they straight away planned a great trip for us with a personal driver for a very reasonable price we are currently nearing the end of the tour and it has been a great experience many thanks,38754.0,2013-07-28 10:30:23,English,"['the', 'hostel', 'staff', 'were', 'friendly', 'and', 'professional', 'and', 'the', 'place', 'had', 'a', 'nice', 'relaxed', 'atmosphere', 'and', 'very', 'comfortable', 'rooms', 'a', 'few', 'hours', 'after', 'we', 'arrived', 'we', 'asked', 'them', 'for', 'help', 'planning', 'a', 'trip', 'around', 'rajasthan', 'and', 'they', 'straight', 'away', 'planned', 'a', 'great', 'trip', 'for', 'us', 'with', 'a', 'personal', 'driver', 'for', 'a', 'very', 'reasonable', 'price', 'we', 'are', 'currently', 'nearing', 'the', 'end', 'of', 'the', 'tour', 'and', 'it', 'has', 'been', 'a', 'great', 'experience', 'many', 'thanks']",0
5600976,100,if your looking for somewhere to relax meet people and have some fun this hostel is perfect the rooms are big the bar is cheap and the staff are really helpful i had a great time at this hostel and can t say a bad word about it at night pub crawls and trivia are organised among other things to get everyone together the outdoor pool area was great to chill at in the afternoon this hostel is the perfect place to make some friends and have a good time,50526.0,2013-06-30 12:11:46,English,"['if', 'your', 'looking', 'for', 'somewhere', 'to', 'relax', 'meet', 'people', 'and', 'have', 'some', 'fun', 'this', 'hostel', 'is', 'perfect', 'the', 'rooms', 'are', 'big', 'the', 'bar', 'is', 'cheap', 'and', 'the', 'staff', 'are', 'really', 'helpful', 'i', 'had', 'a', 'great', 'time', 'at', 'this', 'hostel', 'and', 'can', 't', 'say', 'a', 'bad', 'word', 'about', 'it', 'at', 'night', 'pub', 'crawls', 'and', 'trivia', 'are', 'organised', 'among', 'other', 'things', 'to', 'get', 'everyone', 'together', 'the', 'outdoor', 'pool', 'area', 'was', 'great', 'to', 'chill', 'at', 'in', 'the', 'afternoon', 'this', 'hostel', 'is', 'the', 'perfect', 'place', 'to', 'make', 'some', 'friends', 'and', 'have', 'a', 'good', 'time']",0
6002824,91,i stayed at the new building which was pretty cool new nice room clean organized with a nice balcon and calm there s no area for hanging around with people though,6324.0,2013-11-14 19:50:05,English,"['i', 'stayed', 'at', 'the', 'new', 'building', 'which', 'was', 'pretty', 'cool', 'new', 'nice', 'room', 'clean', 'organized', 'with', 'a', 'nice', 'balcon', 'and', 'calm', 'there', 's', 'no', 'area', 'for', 'hanging', 'around', 'with', 'people', 'though']",0
6547931,69,if you are just looking for a place to lay your head at night this is it don t expect frills or top notch security literally anyone can walk through those doors and up to the rooms if they know where they re going staff were super helpful with getting me to gatwick at 4am and moved me to a bottom bunk when i asked to overall it s decent but if i go back i d stay elsewhere and maybe book in advance,39493.0,2014-08-12 14:44:36,English,"['if', 'you', 'are', 'just', 'looking', 'for', 'a', 'place', 'to', 'lay', 'your', 'head', 'at', 'night', 'this', 'is', 'it', 'don', 't', 'expect', 'frills', 'or', 'top', 'notch', 'security', 'literally', 'anyone', 'can', 'walk', 'through', 'those', 'doors', 'and', 'up', 'to', 'the', 'rooms', 'if', 'they', 'know', 'where', 'they', 're', 'going', 'staff', 'were', 'super', 'helpful', 'with', 'getting', 'me', 'to', 'gatwick', 'at', '4am', 'and', 'moved', 'me', 'to', 'a', 'bottom', 'bunk', 'when', 'i', 'asked', 'to', 'overall', 'it', 's', 'decent', 'but', 'if', 'i', 'go', 'back', 'i', 'd', 'stay', 'elsewhere', 'and', 'maybe', 'book', 'in', 'advance']",0
5529981,69,considering ny prices it fits even if it is expensive when compared to average price of hostels in main capitals of the world such as london paris etc where you can stay for half of this price with more facilities etc i will suggest them to have towels for rent considering it is a hostel it is ok to save money on this item but usually backpackers travel with small luggages and a towel is always something big and havy to carry on rent this item would be a nice solution for both parties,801.0,2013-06-03 20:40:07,English,"['considering', 'ny', 'prices', 'it', 'fits', 'even', 'if', 'it', 'is', 'expensive', 'when', 'compared', 'to', 'average', 'price', 'of', 'hostels', 'in', 'main', 'capitals', 'of', 'the', 'world', 'such', 'as', 'london', 'paris', 'etc', 'where', 'you', 'can', 'stay', 'for', 'half', 'of', 'this', 'price', 'with', 'more', 'facilities', 'etc', 'i', 'will', 'suggest', 'them', 'to', 'have', 'towels', 'for', 'rent', 'considering', 'it', 'is', 'a', 'hostel', 'it', 'is', 'ok', 'to', 'save', 'money', 'on', 'this', 'item', 'but', 'usually', 'backpackers', 'travel', 'with', 'small', 'luggages', 'and', 'a', 'towel', 'is', 'always', 'something', 'big', 'and', 'havy', 'to', 'carry', 'on', 'rent', 'this', 'item', 'would', 'be', 'a', 'nice', 'solution', 'for', 'both', 'parties']",0
5264799,77,average room you would expect on a budget so no problem wonderful green hilltop view from rooftop restaurant great food cooked to order but breakfast could use some variety unless you re a fan of cold white toast the staff speak no english are too over worked to find the time to learn so you might want to slip them a nice tip but the husband wife managers are very helpful overall a decent low budget stay tip use a torch on approach road at night my cellphone torch was fine,6684.0,2013-02-02 08:04:23,English,"['average', 'room', 'you', 'would', 'expect', 'on', 'a', 'budget', 'so', 'no', 'problem', 'wonderful', 'green', 'hilltop', 'view', 'from', 'rooftop', 'restaurant', 'great', 'food', 'cooked', 'to', 'order', 'but', 'breakfast', 'could', 'use', 'some', 'variety', 'unless', 'you', 're', 'a', 'fan', 'of', 'cold', 'white', 'toast', 'the', 'staff', 'speak', 'no', 'english', 'are', 'too', 'over', 'worked', 'to', 'find', 'the', 'time', 'to', 'learn', 'so', 'you', 'might', 'want', 'to', 'slip', 'them', 'a', 'nice', 'tip', 'but', 'the', 'husband', 'wife', 'managers', 'are', 'very', 'helpful', 'overall', 'a', 'decent', 'low', 'budget', 'stay', 'tip', 'use', 'a', 'torch', 'on', 'approach', 'road', 'at', 'night', 'my', 'cellphone', 'torch', 'was', 'fine']",0
4424621,71,incredibly cool hostel but it has bed bugs actually saw one crawling around my bed someone else in my room got bit apart from that the place is super cool very high tech knowledgable staff,39901.0,2012-02-14 10:43:35,English,"['incredibly', 'cool', 'hostel', 'but', 'it', 'has', 'bed', 'bugs', 'actually', 'saw', 'one', 'crawling', 'around', 'my', 'bed', 'someone', 'else', 'in', 'my', 'room', 'got', 'bit', 'apart', 'from', 'that', 'the', 'place', 'is', 'super', 'cool', 'very', 'high', 'tech', 'knowledgable', 'staff']",0
7050147,91,sebastian is so nice thank you the girls well they do they job very important that the breakfast starts at 9 00 not before that they think hostel is little bit outside the city close to the beach there is parties every night so if you don t like those it could be little bit noisy if you like you will have a good time there is lot of hammocks that you can spend your time liked it rooms are really small you really don t have space for your things,39208.0,2015-03-23 11:12:20,English,"['sebastian', 'is', 'so', 'nice', 'thank', 'you', 'the', 'girls', 'well', 'they', 'do', 'they', 'job', 'very', 'important', 'that', 'the', 'breakfast', 'starts', 'at', '9', '00', 'not', 'before', 'that', 'they', 'think', 'hostel', 'is', 'little', 'bit', 'outside', 'the', 'city', 'close', 'to', 'the', 'beach', 'there', 'is', 'parties', 'every', 'night', 'so', 'if', 'you', 'don', 't', 'like', 'those', 'it', 'could', 'be', 'little', 'bit', 'noisy', 'if', 'you', 'like', 'you', 'will', 'have', 'a', 'good', 'time', 'there', 'is', 'lot', 'of', 'hammocks', 'that', 'you', 'can', 'spend', 'your', 'time', 'liked', 'it', 'rooms', 'are', 'really', 'small', 'you', 'really', 'don', 't', 'have', 'space', 'for', 'your', 'things']",0
7240646,94,taco taco taco his genuine hospitality made me feel at home he is very knowledgeable of what to do where to go and how much it should cost goes above beyond he deserves to be tipped it will help his nepali family steve was an excellent host at the outback restaurant funny guy pros 1 location in haad rin 5 7 minute walk to sunrise beach where the full moon party takes place 2 3 minute walk to sunset beach where ferry can take you to ko samui 2 atmosphere,50164.0,2015-06-07 12:59:37,English,"['taco', 'taco', 'taco', 'his', 'genuine', 'hospitality', 'made', 'me', 'feel', 'at', 'home', 'he', 'is', 'very', 'knowledgeable', 'of', 'what', 'to', 'do', 'where', 'to', 'go', 'and', 'how', 'much', 'it', 'should', 'cost', 'goes', 'above', 'beyond', 'he', 'deserves', 'to', 'be', 'tipped', 'it', 'will', 'help', 'his', 'nepali', 'family', 'steve', 'was', 'an', 'excellent', 'host', 'at', 'the', 'outback', 'restaurant', 'funny', 'guy', 'pros', '1', 'location', 'in', 'haad', 'rin', '5', '7', 'minute', 'walk', 'to', 'sunrise', 'beach', 'where', 'the', 'full', 'moon', 'party', 'takes', 'place', '2', '3', 'minute', 'walk', 'to', 'sunset', 'beach', 'where', 'ferry', 'can', 'take', 'you', 'to', 'ko', 'samui', '2', 'atmosphere']",0
6234066,86,everything was fantastic except the stench in the women s bathrooms,24985.0,2014-04-16 20:00:02,English,"['everything', 'was', 'fantastic', 'except', 'the', 'stench', 'in', 'the', 'women', 's', 'bathrooms']",0
5835187,89,not suitable for travellers with huge luggage bedrooms with stairs,24780.0,2013-09-05 04:49:51,English,"['not', 'suitable', 'for', 'travellers', 'with', 'huge', 'luggage', 'bedrooms', 'with', 'stairs']",0
5766133,100,great hostel great timw there walking distance from everywhere and pub crawl every day,43131.0,2013-08-18 08:25:00,English,"['great', 'hostel', 'great', 'timw', 'there', 'walking', 'distance', 'from', 'everywhere', 'and', 'pub', 'crawl', 'every', 'day']",0
4586566,100,i would definitely stay here again the owner francesco is very nice and extremely helpful our room was very clean and had a huge locker the beds were comfy and the whole place was very clean the terrace was beautiful a great view and lots of seating the directions to the hostel sounded strange to us at first but they made complete sense once we were walking to the hostel thanks for a great stay,50578.0,2012-05-06 18:31:27,English,"['i', 'would', 'definitely', 'stay', 'here', 'again', 'the', 'owner', 'francesco', 'is', 'very', 'nice', 'and', 'extremely', 'helpful', 'our', 'room', 'was', 'very', 'clean', 'and', 'had', 'a', 'huge', 'locker', 'the', 'beds', 'were', 'comfy', 'and', 'the', 'whole', 'place', 'was', 'very', 'clean', 'the', 'terrace', 'was', 'beautiful', 'a', 'great', 'view', 'and', 'lots', 'of', 'seating', 'the', 'directions', 'to', 'the', 'hostel', 'sounded', 'strange', 'to', 'us', 'at', 'first', 'but', 'they', 'made', 'complete', 'sense', 'once', 'we', 'were', 'walking', 'to', 'the', 'hostel', 'thanks', 'for', 'a', 'great', 'stay']",0
7278705,100,this place was fantastic the lockers were huge the beds comfortable and the location perfect i never had to wait for a toilet or shower breakfast was nice,80651.0,2015-06-20 13:35:21,English,"['this', 'place', 'was', 'fantastic', 'the', 'lockers', 'were', 'huge', 'the', 'beds', 'comfortable', 'and', 'the', 'location', 'perfect', 'i', 'never', 'had', 'to', 'wait', 'for', 'a', 'toilet', 'or', 'shower', 'breakfast', 'was', 'nice']",0
6551943,89,rooms are tiny but that is to be expected from staying on a boat breakfast is included and is a traditional european breakfast rooms were cleaned everyday the owner is super friendly and is there on the boat if you needed to ask something she does lock the main part after 23h but there are back doors that lead directly to room corridors i would highly recommend and would most definitely stay again,28495.0,2014-08-13 18:31:26,English,"['rooms', 'are', 'tiny', 'but', 'that', 'is', 'to', 'be', 'expected', 'from', 'staying', 'on', 'a', 'boat', 'breakfast', 'is', 'included', 'and', 'is', 'a', 'traditional', 'european', 'breakfast', 'rooms', 'were', 'cleaned', 'everyday', 'the', 'owner', 'is', 'super', 'friendly', 'and', 'is', 'there', 'on', 'the', 'boat', 'if', 'you', 'needed', 'to', 'ask', 'something', 'she', 'does', 'lock', 'the', 'main', 'part', 'after', '23h', 'but', 'there', 'are', 'back', 'doors', 'that', 'lead', 'directly', 'to', 'room', 'corridors', 'i', 'would', 'highly', 'recommend', 'and', 'would', 'most', 'definitely', 'stay', 'again']",0
5821890,86,friendly staff and nice location,58496.0,2013-09-01 12:09:11,English,"['friendly', 'staff', 'and', 'nice', 'location']",0
4733374,74,great hostel very nice staff had a nice stay overall just a few suggestions for improvement which would make a huge difference wifi available everywhere air conditioning in common areas not just rooms and especially in the entrance which is where the wifi is kitchen could be better equipped can t do much in there,58080.0,2012-07-14 10:18:30,English,"['great', 'hostel', 'very', 'nice', 'staff', 'had', 'a', 'nice', 'stay', 'overall', 'just', 'a', 'few', 'suggestions', 'for', 'improvement', 'which', 'would', 'make', 'a', 'huge', 'difference', 'wifi', 'available', 'everywhere', 'air', 'conditioning', 'in', 'common', 'areas', 'not', 'just', 'rooms', 'and', 'especially', 'in', 'the', 'entrance', 'which', 'is', 'where', 'the', 'wifi', 'is', 'kitchen', 'could', 'be', 'better', 'equipped', 'can', 't', 'do', 'much', 'in', 'there']",0
6923052,100,this is a very nice and clean guesthouse out of the center of siem reap the staff are very helpful and friendly the group meals are a great way to meet the other guests i like the location since it is in a quieter area but still only 2 blocks from a main road,26048.0,2015-01-21 02:32:26,English,"['this', 'is', 'a', 'very', 'nice', 'and', 'clean', 'guesthouse', 'out', 'of', 'the', 'center', 'of', 'siem', 'reap', 'the', 'staff', 'are', 'very', 'helpful', 'and', 'friendly', 'the', 'group', 'meals', 'are', 'a', 'great', 'way', 'to', 'meet', 'the', 'other', 'guests', 'i', 'like', 'the', 'location', 'since', 'it', 'is', 'in', 'a', 'quieter', 'area', 'but', 'still', 'only', '2', 'blocks', 'from', 'a', 'main', 'road']",0
5449061,94,it was really good,36600.0,2013-05-03 12:54:45,English,"['it', 'was', 'really', 'good']",0
6332721,80,this hostel wasn t as nice as others we have stayed at but it did the job our bathroom was not very clean and the water was cold the downstairs showers weren t very clean but the water was hot so we showered down there most of the time it was close to the beach which was good and the bar was great for drinks the rooms were nice and clean with good security very comfy beds,43540.0,2014-05-26 21:56:40,English,"['this', 'hostel', 'wasn', 't', 'as', 'nice', 'as', 'others', 'we', 'have', 'stayed', 'at', 'but', 'it', 'did', 'the', 'job', 'our', 'bathroom', 'was', 'not', 'very', 'clean', 'and', 'the', 'water', 'was', 'cold', 'the', 'downstairs', 'showers', 'weren', 't', 'very', 'clean', 'but', 'the', 'water', 'was', 'hot', 'so', 'we', 'showered', 'down', 'there', 'most', 'of', 'the', 'time', 'it', 'was', 'close', 'to', 'the', 'beach', 'which', 'was', 'good', 'and', 'the', 'bar', 'was', 'great', 'for', 'drinks', 'the', 'rooms', 'were', 'nice', 'and', 'clean', 'with', 'good', 'security', 'very', 'comfy', 'beds']",0
4672577,94,great little hostel clean comfortable and the bed was one of the softest i ve stayed on in a lonnnnng time,59136.0,2012-06-22 07:55:02,English,"['great', 'little', 'hostel', 'clean', 'comfortable', 'and', 'the', 'bed', 'was', 'one', 'of', 'the', 'softest', 'i', 've', 'stayed', 'on', 'in', 'a', 'lonnnnng', 'time']",0
4456526,97,we were very pleased to spend our hollidays in this hostel,425.0,2012-03-04 14:33:58,English,"['we', 'were', 'very', 'pleased', 'to', 'spend', 'our', 'hollidays', 'in', 'this', 'hostel']",0
4506046,77,the showers were tiny and leaked into the carpet outside so it smelled a bit funky that being said the staff was very friendly it s a great location and the place was likely still recovering from some pretty massive flooding that happened a few months back so i m sure it ll get better,32858.0,2012-04-01 07:19:09,English,"['the', 'showers', 'were', 'tiny', 'and', 'leaked', 'into', 'the', 'carpet', 'outside', 'so', 'it', 'smelled', 'a', 'bit', 'funky', 'that', 'being', 'said', 'the', 'staff', 'was', 'very', 'friendly', 'it', 's', 'a', 'great', 'location', 'and', 'the', 'place', 'was', 'likely', 'still', 'recovering', 'from', 'some', 'pretty', 'massive', 'flooding', 'that', 'happened', 'a', 'few', 'months', 'back', 'so', 'i', 'm', 'sure', 'it', 'll', 'get', 'better']",0
6695058,100,this was a great hostel rooms were big and spacious security was great and had a fantastic common area which offered live music at times from the easy going staff hostel was very inclusive and you d have no problems making new friends should you be travelling solo loved the activities and nighttime pub crawls the hostel hostel staff know all the good spots and amy tears it up on the dance floor so pack your dancing shoes,73362.0,2014-10-02 22:32:56,English,"['this', 'was', 'a', 'great', 'hostel', 'rooms', 'were', 'big', 'and', 'spacious', 'security', 'was', 'great', 'and', 'had', 'a', 'fantastic', 'common', 'area', 'which', 'offered', 'live', 'music', 'at', 'times', 'from', 'the', 'easy', 'going', 'staff', 'hostel', 'was', 'very', 'inclusive', 'and', 'you', 'd', 'have', 'no', 'problems', 'making', 'new', 'friends', 'should', 'you', 'be', 'travelling', 'solo', 'loved', 'the', 'activities', 'and', 'nighttime', 'pub', 'crawls', 'the', 'hostel', 'hostel', 'staff', 'know', 'all', 'the', 'good', 'spots', 'and', 'amy', 'tears', 'it', 'up', 'on', 'the', 'dance', 'floor', 'so', 'pack', 'your', 'dancing', 'shoes']",0
6103234,91,bed was slightly uncomfortable and the pillow was thin but other than that the hostel was great it s right next to the subway which made getting around milan incredibly easy,68209.0,2014-01-21 07:18:13,English,"['bed', 'was', 'slightly', 'uncomfortable', 'and', 'the', 'pillow', 'was', 'thin', 'but', 'other', 'than', 'that', 'the', 'hostel', 'was', 'great', 'it', 's', 'right', 'next', 'to', 'the', 'subway', 'which', 'made', 'getting', 'around', 'milan', 'incredibly', 'easy']",0
8611722,100,beautiful hostel the bunks were spacious and the facilities were exceptionally clean well worth the money i ll definitely stay here again if i go back to bangkok,91518.0,2016-02-14 11:30:07,English,"['beautiful', 'hostel', 'the', 'bunks', 'were', 'spacious', 'and', 'the', 'facilities', 'were', 'exceptionally', 'clean', 'well', 'worth', 'the', 'money', 'i', 'll', 'definitely', 'stay', 'here', 'again', 'if', 'i', 'go', 'back', 'to', 'bangkok']",0
7043234,66,a lot of long termers lifers living there guy in my room got up early to go to work every day which woke me up and turned the lights out at 10 in the evening to go to sleep which was annoying also there is a main road outside where you can here the cars which can make it difficult to sleep if you are a sensitive sleeper no free tea or coffee after 12 hostel has a nice garden to sit in and staff will help you,54462.0,2015-03-19 19:02:42,English,"['a', 'lot', 'of', 'long', 'termers', 'lifers', 'living', 'there', 'guy', 'in', 'my', 'room', 'got', 'up', 'early', 'to', 'go', 'to', 'work', 'every', 'day', 'which', 'woke', 'me', 'up', 'and', 'turned', 'the', 'lights', 'out', 'at', '10', 'in', 'the', 'evening', 'to', 'go', 'to', 'sleep', 'which', 'was', 'annoying', 'also', 'there', 'is', 'a', 'main', 'road', 'outside', 'where', 'you', 'can', 'here', 'the', 'cars', 'which', 'can', 'make', 'it', 'difficult', 'to', 'sleep', 'if', 'you', 'are', 'a', 'sensitive', 'sleeper', 'no', 'free', 'tea', 'or', 'coffee', 'after', '12', 'hostel', 'has', 'a', 'nice', 'garden', 'to', 'sit', 'in', 'and', 'staff', 'will', 'help', 'you']",0
7000460,91,nice stay,88292.0,2015-02-27 15:12:50,English,"['nice', 'stay']",0
5163715,77,wifi connection is only thing should be strongly improved,24690.0,2012-12-10 09:09:14,English,"['wifi', 'connection', 'is', 'only', 'thing', 'should', 'be', 'strongly', 'improved']",0
4870614,100,i found the hostal very nice and people who work there are also very fine especially a girl called tania who had a lot of nice moment with us thank you tania,12459.0,2012-08-20 17:29:02,English,"['i', 'found', 'the', 'hostal', 'very', 'nice', 'and', 'people', 'who', 'work', 'there', 'are', 'also', 'very', 'fine', 'especially', 'a', 'girl', 'called', 'tania', 'who', 'had', 'a', 'lot', 'of', 'nice', 'moment', 'with', 'us', 'thank', 'you', 'tania']",0
4458477,91,had a good time at the deejai the staff is really friendly and the place is really good to relax and meet other travellers but if you prefer a good sleep in the night you should go somewhere else coz it can be really late until the last people are leaving the backyard,29093.0,2012-03-05 17:10:09,English,"['had', 'a', 'good', 'time', 'at', 'the', 'deejai', 'the', 'staff', 'is', 'really', 'friendly', 'and', 'the', 'place', 'is', 'really', 'good', 'to', 'relax', 'and', 'meet', 'other', 'travellers', 'but', 'if', 'you', 'prefer', 'a', 'good', 'sleep', 'in', 'the', 'night', 'you', 'should', 'go', 'somewhere', 'else', 'coz', 'it', 'can', 'be', 'really', 'late', 'until', 'the', 'last', 'people', 'are', 'leaving', 'the', 'backyard']",0
7245376,63,ridiculous without outlets in the room,722.0,2015-06-08 21:19:56,English,"['ridiculous', 'without', 'outlets', 'in', 'the', 'room']",0
6251187,100,really love this hostel the location is good close to a main shopping street with only 5 mins walk our room is very clean cosy and lovely the breakfast buffet provides many choice of food and all of them taste really good staff are nice and wifi works well in all area of the hostel hostel price is reasonable nothing to complain,621.0,2014-04-23 13:41:13,English,"['really', 'love', 'this', 'hostel', 'the', 'location', 'is', 'good', 'close', 'to', 'a', 'main', 'shopping', 'street', 'with', 'only', '5', 'mins', 'walk', 'our', 'room', 'is', 'very', 'clean', 'cosy', 'and', 'lovely', 'the', 'breakfast', 'buffet', 'provides', 'many', 'choice', 'of', 'food', 'and', 'all', 'of', 'them', 'taste', 'really', 'good', 'staff', 'are', 'nice', 'and', 'wifi', 'works', 'well', 'in', 'all', 'area', 'of', 'the', 'hostel', 'hostel', 'price', 'is', 'reasonable', 'nothing', 'to', 'complain']",0
5636074,63,it was very clean hotel staff could have been more helpful overall a nice stay,274.0,2013-07-12 07:10:30,English,"['it', 'was', 'very', 'clean', 'hotel', 'staff', 'could', 'have', 'been', 'more', 'helpful', 'overall', 'a', 'nice', 'stay']",0
5183839,100,this hostel is one of the best that i ve been the staffs are very good,67131.0,2012-12-22 10:30:26,English,"['this', 'hostel', 'is', 'one', 'of', 'the', 'best', 'that', 'i', 've', 'been', 'the', 'staffs', 'are', 'very', 'good']",0
5540788,97,nice staff plenty of knowlege of the area,409.0,2013-06-07 22:17:08,English,"['nice', 'staff', 'plenty', 'of', 'knowlege', 'of', 'the', 'area']",0
4585245,100,i stayed in a single room a few blocks away from the actual hostel but it was good nonetheless the room was large the kitchen was well equipped and there were computers walking from the room to the hostel was a short pleasant walk to grab the breakfast and dinner and to hang out in the common areas the location of the hostel is good within walking distance of all of the city attractions,3725.0,2012-05-06 06:32:32,English,"['i', 'stayed', 'in', 'a', 'single', 'room', 'a', 'few', 'blocks', 'away', 'from', 'the', 'actual', 'hostel', 'but', 'it', 'was', 'good', 'nonetheless', 'the', 'room', 'was', 'large', 'the', 'kitchen', 'was', 'well', 'equipped', 'and', 'there', 'were', 'computers', 'walking', 'from', 'the', 'room', 'to', 'the', 'hostel', 'was', 'a', 'short', 'pleasant', 'walk', 'to', 'grab', 'the', 'breakfast', 'and', 'dinner', 'and', 'to', 'hang', 'out', 'in', 'the', 'common', 'areas', 'the', 'location', 'of', 'the', 'hostel', 'is', 'good', 'within', 'walking', 'distance', 'of', 'all', 'of', 'the', 'city', 'attractions']",0
5555403,80,the hotel s best points are its price and location it is right on the port close to the metro and perfect for early morning ferries as a lone female traveller i didn t fancy taking the metro at 5am to the port so this was a good alternative if you want somewhere cheap to stay for the night then this place is fine but i would not pay more then 30euro bathroom was newly tiled and nice tv was small but had cnn which was good i think the hotel could offer to give a wake up call to guests,35348.0,2013-06-13 08:29:04,English,"['the', 'hotel', 's', 'best', 'points', 'are', 'its', 'price', 'and', 'location', 'it', 'is', 'right', 'on', 'the', 'port', 'close', 'to', 'the', 'metro', 'and', 'perfect', 'for', 'early', 'morning', 'ferries', 'as', 'a', 'lone', 'female', 'traveller', 'i', 'didn', 't', 'fancy', 'taking', 'the', 'metro', 'at', '5am', 'to', 'the', 'port', 'so', 'this', 'was', 'a', 'good', 'alternative', 'if', 'you', 'want', 'somewhere', 'cheap', 'to', 'stay', 'for', 'the', 'night', 'then', 'this', 'place', 'is', 'fine', 'but', 'i', 'would', 'not', 'pay', 'more', 'then', '30euro', 'bathroom', 'was', 'newly', 'tiled', 'and', 'nice', 'tv', 'was', 'small', 'but', 'had', 'cnn', 'which', 'was', 'good', 'i', 'think', 'the', 'hotel', 'could', 'offer', 'to', 'give', 'a', 'wake', 'up', 'call', 'to', 'guests']",0
6422567,77,we found that the man working at reception named bruno was really lovely and helpful he was able to book a your for us last minute and settle a billing dispute bruno was so helpful that in one day of working all day he lost his voice in an attempt to please everyone aside from that the hostel was pretty good the location is a bit out of the way but there are lots of buses to catch,31128.0,2014-07-01 12:59:40,English,"['we', 'found', 'that', 'the', 'man', 'working', 'at', 'reception', 'named', 'bruno', 'was', 'really', 'lovely', 'and', 'helpful', 'he', 'was', 'able', 'to', 'book', 'a', 'your', 'for', 'us', 'last', 'minute', 'and', 'settle', 'a', 'billing', 'dispute', 'bruno', 'was', 'so', 'helpful', 'that', 'in', 'one', 'day', 'of', 'working', 'all', 'day', 'he', 'lost', 'his', 'voice', 'in', 'an', 'attempt', 'to', 'please', 'everyone', 'aside', 'from', 'that', 'the', 'hostel', 'was', 'pretty', 'good', 'the', 'location', 'is', 'a', 'bit', 'out', 'of', 'the', 'way', 'but', 'there', 'are', 'lots', 'of', 'buses', 'to', 'catch']",0
5646128,40,felt grimy the common space was way too small had to pay extra for almost everything,517.0,2013-07-15 15:31:10,English,"['felt', 'grimy', 'the', 'common', 'space', 'was', 'way', 'too', 'small', 'had', 'to', 'pay', 'extra', 'for', 'almost', 'everything']",0
6554493,100,vardar family pension is a simple but very confortable house it s very near to bus terminal in the center of the sela uk with fruit s tree around the streets and a very calm atmosphere i recommend a lot mainly if you re going to sela uk only as a passage to visit efes,28853.0,2014-08-14 14:04:42,English,"['vardar', 'family', 'pension', 'is', 'a', 'simple', 'but', 'very', 'confortable', 'house', 'it', 's', 'very', 'near', 'to', 'bus', 'terminal', 'in', 'the', 'center', 'of', 'the', 'sela', 'uk', 'with', 'fruit', 's', 'tree', 'around', 'the', 'streets', 'and', 'a', 'very', 'calm', 'atmosphere', 'i', 'recommend', 'a', 'lot', 'mainly', 'if', 'you', 're', 'going', 'to', 'sela', 'uk', 'only', 'as', 'a', 'passage', 'to', 'visit', 'efes']",0
7025299,94,great hostel very clean well organised cute decoration and good price my only complain is the shower that was always cold,41438.0,2015-03-10 20:36:27,English,"['great', 'hostel', 'very', 'clean', 'well', 'organised', 'cute', 'decoration', 'and', 'good', 'price', 'my', 'only', 'complain', 'is', 'the', 'shower', 'that', 'was', 'always', 'cold']",0
6745555,91,very lovely hostel helpful and friendly staff cheap cold beer at the reception and only few minutes walk away from the city center,45861.0,2014-10-25 12:44:27,English,"['very', 'lovely', 'hostel', 'helpful', 'and', 'friendly', 'staff', 'cheap', 'cold', 'beer', 'at', 'the', 'reception', 'and', 'only', 'few', 'minutes', 'walk', 'away', 'from', 'the', 'city', 'center']",0
7205873,91,awesome hostel with awesome staff and awesome people had a great 3 nights here and would highly recommend it to any traveler it was the first hostel on my trip and it was a ton of fun only worry was that the rooms were a bit musty and there may or may not have been black mold like stuff on the walls,36893.0,2015-05-25 23:51:15,English,"['awesome', 'hostel', 'with', 'awesome', 'staff', 'and', 'awesome', 'people', 'had', 'a', 'great', '3', 'nights', 'here', 'and', 'would', 'highly', 'recommend', 'it', 'to', 'any', 'traveler', 'it', 'was', 'the', 'first', 'hostel', 'on', 'my', 'trip', 'and', 'it', 'was', 'a', 'ton', 'of', 'fun', 'only', 'worry', 'was', 'that', 'the', 'rooms', 'were', 'a', 'bit', 'musty', 'and', 'there', 'may', 'or', 'may', 'not', 'have', 'been', 'black', 'mold', 'like', 'stuff', 'on', 'the', 'walls']",0
8809819,100,ww stayed for 2 days and it was really good hot water breakfast everyone was nice to us even when arriving late night and the hostel itself has some pretty cool decoration we would definitly stay here again,49442.0,2016-04-26 00:05:35,English,"['ww', 'stayed', 'for', '2', 'days', 'and', 'it', 'was', 'really', 'good', 'hot', 'water', 'breakfast', 'everyone', 'was', 'nice', 'to', 'us', 'even', 'when', 'arriving', 'late', 'night', 'and', 'the', 'hostel', 'itself', 'has', 'some', 'pretty', 'cool', 'decoration', 'we', 'would', 'definitly', 'stay', 'here', 'again']",0
6899012,91,second stay there coming back was not a coincidence although it is not one of those all new hostels it is a very nice place to stay staff is super helpfull and very kind would definetly stay there again and again,524.0,2015-01-11 00:06:32,English,"['second', 'stay', 'there', 'coming', 'back', 'was', 'not', 'a', 'coincidence', 'although', 'it', 'is', 'not', 'one', 'of', 'those', 'all', 'new', 'hostels', 'it', 'is', 'a', 'very', 'nice', 'place', 'to', 'stay', 'staff', 'is', 'super', 'helpfull', 'and', 'very', 'kind', 'would', 'definetly', 'stay', 'there', 'again', 'and', 'again']",0
7258975,77,i enjoyed my time with hostel pisa within reasonable walking distance of the plane train and tower the hostel had pretty good wifi a 7 lunch and dinner buffet and was overall pretty good,43050.0,2015-06-13 19:38:20,English,"['i', 'enjoyed', 'my', 'time', 'with', 'hostel', 'pisa', 'within', 'reasonable', 'walking', 'distance', 'of', 'the', 'plane', 'train', 'and', 'tower', 'the', 'hostel', 'had', 'pretty', 'good', 'wifi', 'a', '7', 'lunch', 'and', 'dinner', 'buffet', 'and', 'was', 'overall', 'pretty', 'good']",0
4777433,77,the staff here are really amazing people so kind welcoming and helpful bruno invited me to have mate with him and told me a lot of local stories when i had to cancel one night they gave me the money back without hesitation still treated me like family the location is excellent as well a few blocks from the bus station also in the safest neighborhood right across the park and there are university around i wish they have a heater in the dining room because in the winter it s really cold,60055.0,2012-07-27 16:23:19,English,"['the', 'staff', 'here', 'are', 'really', 'amazing', 'people', 'so', 'kind', 'welcoming', 'and', 'helpful', 'bruno', 'invited', 'me', 'to', 'have', 'mate', 'with', 'him', 'and', 'told', 'me', 'a', 'lot', 'of', 'local', 'stories', 'when', 'i', 'had', 'to', 'cancel', 'one', 'night', 'they', 'gave', 'me', 'the', 'money', 'back', 'without', 'hesitation', 'still', 'treated', 'me', 'like', 'family', 'the', 'location', 'is', 'excellent', 'as', 'well', 'a', 'few', 'blocks', 'from', 'the', 'bus', 'station', 'also', 'in', 'the', 'safest', 'neighborhood', 'right', 'across', 'the', 'park', 'and', 'there', 'are', 'university', 'around', 'i', 'wish', 'they', 'have', 'a', 'heater', 'in', 'the', 'dining', 'room', 'because', 'in', 'the', 'winter', 'it', 's', 'really', 'cold']",0
6385796,91,lots of space near good cheap eating places breakfast a bit thin but easily made up for in prague tram stop a bit far but once there you can get anywhere wrong side of town for walking though,48031.0,2014-06-17 10:17:40,English,"['lots', 'of', 'space', 'near', 'good', 'cheap', 'eating', 'places', 'breakfast', 'a', 'bit', 'thin', 'but', 'easily', 'made', 'up', 'for', 'in', 'prague', 'tram', 'stop', 'a', 'bit', 'far', 'but', 'once', 'there', 'you', 'can', 'get', 'anywhere', 'wrong', 'side', 'of', 'town', 'for', 'walking', 'though']",0
5839758,89,realy friendly stuff good quality of rooms a lot of facilities located in the very good location it s only around 20minutes walk to the river worth of any recommendation,63440.0,2013-09-06 16:25:16,English,"['realy', 'friendly', 'stuff', 'good', 'quality', 'of', 'rooms', 'a', 'lot', 'of', 'facilities', 'located', 'in', 'the', 'very', 'good', 'location', 'it', 's', 'only', 'around', '20minutes', 'walk', 'to', 'the', 'river', 'worth', 'of', 'any', 'recommendation']",0
5877801,97,very secure across the river from the city center but easy access to tram and nice scenic walk through the park to the castle area also a great common area with cheap tasty beer where wi fi works better than in the room map provided was very good and staff had good recommendations for everything,425.0,2013-09-20 06:36:30,English,"['very', 'secure', 'across', 'the', 'river', 'from', 'the', 'city', 'center', 'but', 'easy', 'access', 'to', 'tram', 'and', 'nice', 'scenic', 'walk', 'through', 'the', 'park', 'to', 'the', 'castle', 'area', 'also', 'a', 'great', 'common', 'area', 'with', 'cheap', 'tasty', 'beer', 'where', 'wi', 'fi', 'works', 'better', 'than', 'in', 'the', 'room', 'map', 'provided', 'was', 'very', 'good', 'and', 'staff', 'had', 'good', 'recommendations', 'for', 'everything']",0
8759146,80,great place to stay in the rooms are very clean one of the best hostels i have stayed in so far,15700.0,2016-04-08 03:31:59,English,"['great', 'place', 'to', 'stay', 'in', 'the', 'rooms', 'are', 'very', 'clean', 'one', 'of', 'the', 'best', 'hostels', 'i', 'have', 'stayed', 'in', 'so', 'far']",0
6178675,97,great comfortable place with a nice rooftop and lounge to hang out the staff helped us book onward travel and was very accommodating when we arrived at 1am,22603.0,2014-03-13 13:42:37,English,"['great', 'comfortable', 'place', 'with', 'a', 'nice', 'rooftop', 'and', 'lounge', 'to', 'hang', 'out', 'the', 'staff', 'helped', 'us', 'book', 'onward', 'travel', 'and', 'was', 'very', 'accommodating', 'when', 'we', 'arrived', 'at', '1am']",0
4920207,89,nice hostel friendly staff a10 min walk from the subway and clean,42705.0,2012-09-02 04:09:25,English,"['nice', 'hostel', 'friendly', 'staff', 'a10', 'min', 'walk', 'from', 'the', 'subway', 'and', 'clean']",0
6549803,100,tom s hostel should be a destination point for everyone visiting ireland he lives in the country with his family but is only about ten minutes from waterford theyre the nicest people we ve met so far in ireland and aoife s hilarious that s his little daughter,62148.0,2014-08-13 07:48:00,English,"['tom', 's', 'hostel', 'should', 'be', 'a', 'destination', 'point', 'for', 'everyone', 'visiting', 'ireland', 'he', 'lives', 'in', 'the', 'country', 'with', 'his', 'family', 'but', 'is', 'only', 'about', 'ten', 'minutes', 'from', 'waterford', 'theyre', 'the', 'nicest', 'people', 'we', 've', 'met', 'so', 'far', 'in', 'ireland', 'and', 'aoife', 's', 'hilarious', 'that', 's', 'his', 'little', 'daughter']",0
5616441,86,cool hostel with a nice outdoor area relaxing time clean rooms and bathrooms tiny but good kitchen lovely staff,47324.0,2013-07-05 21:22:49,English,"['cool', 'hostel', 'with', 'a', 'nice', 'outdoor', 'area', 'relaxing', 'time', 'clean', 'rooms', 'and', 'bathrooms', 'tiny', 'but', 'good', 'kitchen', 'lovely', 'staff']",0
6464600,91,excelent accomodation facilities and well maintained only a lack of atmosphere due to lack of people in the hostel at the time of booking,58997.0,2014-07-16 20:00:33,English,"['excelent', 'accomodation', 'facilities', 'and', 'well', 'maintained', 'only', 'a', 'lack', 'of', 'atmosphere', 'due', 'to', 'lack', 'of', 'people', 'in', 'the', 'hostel', 'at', 'the', 'time', 'of', 'booking']",0
6371262,97,great stay friendly staff i was let down because there were no more discount tickets left for the aquarium when i arrived and the lady didn t offer another day or to do anything else about it i heard later the aquarium might have a foreigner discount but i am not sure how to get it,51483.0,2014-06-11 08:08:30,English,"['great', 'stay', 'friendly', 'staff', 'i', 'was', 'let', 'down', 'because', 'there', 'were', 'no', 'more', 'discount', 'tickets', 'left', 'for', 'the', 'aquarium', 'when', 'i', 'arrived', 'and', 'the', 'lady', 'didn', 't', 'offer', 'another', 'day', 'or', 'to', 'do', 'anything', 'else', 'about', 'it', 'i', 'heard', 'later', 'the', 'aquarium', 'might', 'have', 'a', 'foreigner', 'discount', 'but', 'i', 'am', 'not', 'sure', 'how', 'to', 'get', 'it']",0
6081674,86,even though it is a very teenager hostel the overall experience was good some of the showers were not working properly but all the rest was pretty good if you are not a teenager i would not recommend you to stay there just for the fact that you may feel a bit annoyed sometimes,823.0,2014-01-08 16:32:31,English,"['even', 'though', 'it', 'is', 'a', 'very', 'teenager', 'hostel', 'the', 'overall', 'experience', 'was', 'good', 'some', 'of', 'the', 'showers', 'were', 'not', 'working', 'properly', 'but', 'all', 'the', 'rest', 'was', 'pretty', 'good', 'if', 'you', 'are', 'not', 'a', 'teenager', 'i', 'would', 'not', 'recommend', 'you', 'to', 'stay', 'there', 'just', 'for', 'the', 'fact', 'that', 'you', 'may', 'feel', 'a', 'bit', 'annoyed', 'sometimes']",0
6518766,69,the mendoza inn has friendly staff and plenty of activities tours that can be arranged through them my room was dated cold and the matress was average i ended up staying one night in another hostel which was much better than this one,5783.0,2014-08-03 15:49:10,English,"['the', 'mendoza', 'inn', 'has', 'friendly', 'staff', 'and', 'plenty', 'of', 'activities', 'tours', 'that', 'can', 'be', 'arranged', 'through', 'them', 'my', 'room', 'was', 'dated', 'cold', 'and', 'the', 'matress', 'was', 'average', 'i', 'ended', 'up', 'staying', 'one', 'night', 'in', 'another', 'hostel', 'which', 'was', 'much', 'better', 'than', 'this', 'one']",0
4433494,91,the staff is excellent and very helpful while the rooms do not have much character they do have a mini kitchen for eating or fixing one s own meals i would recommend staying at the hongdae guesthouse when in seoul,13831.0,2012-02-20 10:15:06,English,"['the', 'staff', 'is', 'excellent', 'and', 'very', 'helpful', 'while', 'the', 'rooms', 'do', 'not', 'have', 'much', 'character', 'they', 'do', 'have', 'a', 'mini', 'kitchen', 'for', 'eating', 'or', 'fixing', 'one', 's', 'own', 'meals', 'i', 'would', 'recommend', 'staying', 'at', 'the', 'hongdae', 'guesthouse', 'when', 'in', 'seoul']",0
6971602,66,the owners are super friendly but do not speak a word of english,42915.0,2015-02-14 10:39:59,English,"['the', 'owners', 'are', 'super', 'friendly', 'but', 'do', 'not', 'speak', 'a', 'word', 'of', 'english']",0
7023213,91,a little oasis in the jungle of bangkok it s a quiet place near the crazy khaosan road,81353.0,2015-03-10 03:06:38,English,"['a', 'little', 'oasis', 'in', 'the', 'jungle', 'of', 'bangkok', 'it', 's', 'a', 'quiet', 'place', 'near', 'the', 'crazy', 'khaosan', 'road']",0
7028730,94,is a great hostel friendly atmosphere great location and friendly staff,41064.0,2015-03-12 12:47:04,English,"['is', 'a', 'great', 'hostel', 'friendly', 'atmosphere', 'great', 'location', 'and', 'friendly', 'staff']",0
4736709,100,loved your breakfast spread,44612.0,2012-07-15 16:36:09,English,"['loved', 'your', 'breakfast', 'spread']",0
5300247,97,was only there for three nights but had a nice time there beautiful house and rally helpful friendly staff a great quieter choice in auckland,12879.0,2013-02-21 07:44:15,English,"['was', 'only', 'there', 'for', 'three', 'nights', 'but', 'had', 'a', 'nice', 'time', 'there', 'beautiful', 'house', 'and', 'rally', 'helpful', 'friendly', 'staff', 'a', 'great', 'quieter', 'choice', 'in', 'auckland']",0
